usuario;passwd;nombre;tc;mesvenc;anovenc;idProducto
cliente3;cliente1;Pedro Pastrana;1234432156789870;1;2021;2
cliente2;cliente2;Pedro Pastrana;1234432156789871;2;2022;2
cliente3;cliente3;Maria Lopez;1234432156789870;3;2022;2
cliente4;cliente4;Pedro Pastrana;1234432156789871;4;2023;3
cliente5;cliente5;Pedro Pastrana;1234432156789870;5;2023;3
cliente6;cliente6;Marta Lopez;1234432156789871;6;2024;4
cliente7;cliente7;Pedro Pastrana;1234432156789870;7;2024;4
cliente8;cliente8;Pedro Pastrana;1234432156789871;8;2025;5
cliente9;cliente9;Marcos Lopez;1234432156789870;9;2025;5
cliente10;cliente10;Pedro Pastrana;1234432156789871;10;2026;6
cliente11;cliente11;Pedro Pastrana;1234432156789870;11;2026;6
cliente12;cliente12;Marlon Lopez;1234432156789871;12;2027;7
cliente13;cliente13;Pedro Pastrana;1234432156789870;13;2027;7
cliente14;cliente14;Pedro Pastrana;1234432156789871;14;2028;8
cliente15;cliente15;Martin Lopez;1234432156789870;15;2028;8
cliente16;cliente16;Pedro Pastrana;1234432156789871;16;2029;9
cliente17;cliente17;Pedro Pastrana;1234432156789870;17;2029;9
cliente18;cliente18;Marlin Lopez;1234432156789871;18;2030;10
cliente19;cliente19;Pedro Pastrana;1234432156789870;19;2030;10
cliente20;cliente20;Pedro Pastrana;1234432156789871;20;2031;11
cliente21;cliente21;Marcia Lopez;1234432156789870;21;2031;11