Sat Aug 01 20:20:24 COT 2020; ID Producto: 2; Precio: 820.0; Ruta del Producto: imgs/Lumia_1520.jpg; Usuario: cliente3
Sat Aug 01 20:25:19 COT 2020; ID Producto: 2; Precio: 820.0; Ruta del Producto: imgs/Lumia_1520.jpg; Usuario: cliente3
Sat Aug 01 20:25:26 COT 2020; ID Producto: 2; Precio: 820.0; Ruta del Producto: imgs/Lumia_1520.jpg; Usuario: cliente2
Sat Aug 01 20:25:31 COT 2020; ID Producto: 2; Precio: 820.0; Ruta del Producto: imgs/Lumia_1520.jpg; Usuario: cliente3
Sat Aug 01 20:25:39 COT 2020; ID Producto: 3; Precio: 650.0; Ruta del Producto: imgs/Nexus_6.jpg; Usuario: cliente4
Sat Aug 01 20:25:39 COT 2020; ID Producto: 3; Precio: 650.0; Ruta del Producto: imgs/Nexus_6.jpg; Usuario: cliente5
Sat Aug 01 20:25:45 COT 2020; ID Producto: 4; Precio: 800.0; Ruta del Producto: imgs/galaxy_s6.jpg; Usuario: cliente7
Sat Aug 01 20:25:45 COT 2020; ID Producto: 4; Precio: 800.0; Ruta del Producto: imgs/galaxy_s6.jpg; Usuario: cliente6
Sat Aug 01 20:25:51 COT 2020; ID Producto: 5; Precio: 790.0; Ruta del Producto: imgs/iphone_6.jpg; Usuario: cliente8
Sat Aug 01 20:25:52 COT 2020; ID Producto: 5; Precio: 790.0; Ruta del Producto: imgs/iphone_6.jpg; Usuario: cliente9
Sat Aug 01 20:25:57 COT 2020; ID Producto: 6; Precio: 320.0; Ruta del Producto: imgs/xperia_z5.jpg; Usuario: cliente10
Sat Aug 01 20:25:58 COT 2020; ID Producto: 6; Precio: 320.0; Ruta del Producto: imgs/xperia_z5.jpg; Usuario: cliente11
Sat Aug 01 20:25:58 COT 2020; ID Producto: 7; Precio: 700.0; Ruta del Producto: imgs/HTC_M9.jpg; Usuario: cliente12
Sat Aug 01 20:26:03 COT 2020; ID Producto: 7; Precio: 700.0; Ruta del Producto: imgs/HTC_M9.jpg; Usuario: cliente13
Sat Aug 01 20:26:03 COT 2020; ID Producto: 8; Precio: 790.0; Ruta del Producto: imgs/sony_vaio_5.jpg; Usuario: cliente14
Sat Aug 01 20:26:04 COT 2020; ID Producto: 8; Precio: 790.0; Ruta del Producto: imgs/sony_vaio_5.jpg; Usuario: cliente15
Sat Aug 01 20:26:08 COT 2020; ID Producto: 9; Precio: 790.0; Ruta del Producto: imgs/sony_vaio_5.jpg; Usuario: cliente17
Sat Aug 01 20:26:10 COT 2020; ID Producto: 9; Precio: 790.0; Ruta del Producto: imgs/sony_vaio_5.jpg; Usuario: cliente16
Sat Aug 01 20:26:10 COT 2020; ID Producto: 10; Precio: 400.0; Ruta del Producto: imgs/apple_cinema.jpg; Usuario: cliente18
Sat Aug 01 20:26:15 COT 2020; ID Producto: 10; Precio: 400.0; Ruta del Producto: imgs/apple_cinema.jpg; Usuario: cliente19
Sat Aug 01 20:26:16 COT 2020; ID Producto: 11; Precio: 700.0; Ruta del Producto: imgs/macbook_air.jpg; Usuario: cliente20
Sat Aug 01 20:26:16 COT 2020; ID Producto: 11; Precio: 700.0; Ruta del Producto: imgs/macbook_air.jpg; Usuario: cliente21
Sat Aug 01 20:26:20 COT 2020; ID Producto: 2; Precio: 820.0; Ruta del Producto: imgs/Lumia_1520.jpg; Usuario: cliente3
Sat Aug 01 20:26:20 COT 2020; ID Producto: 2; Precio: 820.0; Ruta del Producto: imgs/Lumia_1520.jpg; Usuario: cliente3
Sat Aug 01 20:26:21 COT 2020; ID Producto: 2; Precio: 820.0; Ruta del Producto: imgs/Lumia_1520.jpg; Usuario: cliente2
Sat Aug 01 20:26:27 COT 2020; ID Producto: 3; Precio: 650.0; Ruta del Producto: imgs/Nexus_6.jpg; Usuario: cliente4
Sat Aug 01 20:26:27 COT 2020; ID Producto: 4; Precio: 800.0; Ruta del Producto: imgs/galaxy_s6.jpg; Usuario: cliente6
Sat Aug 01 20:26:27 COT 2020; ID Producto: 3; Precio: 650.0; Ruta del Producto: imgs/Nexus_6.jpg; Usuario: cliente5
Sat Aug 01 20:26:33 COT 2020; ID Producto: 5; Precio: 790.0; Ruta del Producto: imgs/iphone_6.jpg; Usuario: cliente8
Sat Aug 01 20:26:33 COT 2020; ID Producto: 4; Precio: 800.0; Ruta del Producto: imgs/galaxy_s6.jpg; Usuario: cliente7
Sat Aug 01 20:26:34 COT 2020; ID Producto: 5; Precio: 790.0; Ruta del Producto: imgs/iphone_6.jpg; Usuario: cliente9
Sat Aug 01 20:26:38 COT 2020; ID Producto: 6; Precio: 320.0; Ruta del Producto: imgs/xperia_z5.jpg; Usuario: cliente11
Sat Aug 01 20:26:38 COT 2020; ID Producto: 6; Precio: 320.0; Ruta del Producto: imgs/xperia_z5.jpg; Usuario: cliente10
Sat Aug 01 20:26:38 COT 2020; ID Producto: 7; Precio: 700.0; Ruta del Producto: imgs/HTC_M9.jpg; Usuario: cliente12
Sat Aug 01 20:26:44 COT 2020; ID Producto: 8; Precio: 790.0; Ruta del Producto: imgs/sony_vaio_5.jpg; Usuario: cliente14
Sat Aug 01 20:26:44 COT 2020; ID Producto: 7; Precio: 700.0; Ruta del Producto: imgs/HTC_M9.jpg; Usuario: cliente13
Sat Aug 01 20:26:46 COT 2020; ID Producto: 8; Precio: 790.0; Ruta del Producto: imgs/sony_vaio_5.jpg; Usuario: cliente15
Sat Aug 01 20:26:50 COT 2020; ID Producto: 9; Precio: 790.0; Ruta del Producto: imgs/sony_vaio_5.jpg; Usuario: cliente17
Sat Aug 01 20:26:51 COT 2020; ID Producto: 9; Precio: 790.0; Ruta del Producto: imgs/sony_vaio_5.jpg; Usuario: cliente16
Sat Aug 01 20:26:53 COT 2020; ID Producto: 10; Precio: 400.0; Ruta del Producto: imgs/apple_cinema.jpg; Usuario: cliente18
Sat Aug 01 20:26:55 COT 2020; ID Producto: 11; Precio: 700.0; Ruta del Producto: imgs/macbook_air.jpg; Usuario: cliente20
Sat Aug 01 20:26:56 COT 2020; ID Producto: 11; Precio: 700.0; Ruta del Producto: imgs/macbook_air.jpg; Usuario: cliente21
Sat Aug 01 20:26:56 COT 2020; ID Producto: 10; Precio: 400.0; Ruta del Producto: imgs/apple_cinema.jpg; Usuario: cliente19
Sat Aug 22 19:25:21 COT 2020; ID Producto: 2; Precio: 820.0; Ruta del Producto: imgs/Lumia_1520.jpg; Usuario: cliente3
Sat Aug 22 19:25:42 COT 2020; ID Producto: 2; Precio: 820.0; Ruta del Producto: imgs/Lumia_1520.jpg; Usuario: cliente2
Sat Aug 22 19:25:47 COT 2020; ID Producto: 2; Precio: 820.0; Ruta del Producto: imgs/Lumia_1520.jpg; Usuario: cliente3
Sat Aug 22 19:26:01 COT 2020; ID Producto: 3; Precio: 650.0; Ruta del Producto: imgs/Nexus_6.jpg; Usuario: cliente4
Sat Aug 22 19:26:06 COT 2020; ID Producto: 3; Precio: 650.0; Ruta del Producto: imgs/Nexus_6.jpg; Usuario: cliente5
Sat Aug 22 19:26:20 COT 2020; ID Producto: 4; Precio: 800.0; Ruta del Producto: imgs/galaxy_s6.jpg; Usuario: cliente6
Sat Aug 22 19:26:24 COT 2020; ID Producto: 4; Precio: 800.0; Ruta del Producto: imgs/galaxy_s6.jpg; Usuario: cliente7
Sat Aug 22 19:28:07 COT 2020; ID Producto: 2; Precio: 820.0; Ruta del Producto: imgs/Lumia_1520.jpg; Usuario: cliente3
Sat Aug 22 19:28:25 COT 2020; ID Producto: 2; Precio: 820.0; Ruta del Producto: imgs/Lumia_1520.jpg; Usuario: cliente2
Sat Aug 22 19:28:36 COT 2020; ID Producto: 2; Precio: 820.0; Ruta del Producto: imgs/Lumia_1520.jpg; Usuario: cliente3
Sat Aug 22 19:28:42 COT 2020; ID Producto: 3; Precio: 650.0; Ruta del Producto: imgs/Nexus_6.jpg; Usuario: cliente4
Sat Aug 22 19:28:55 COT 2020; ID Producto: 3; Precio: 650.0; Ruta del Producto: imgs/Nexus_6.jpg; Usuario: cliente5
Sat Aug 22 19:29:02 COT 2020; ID Producto: 4; Precio: 800.0; Ruta del Producto: imgs/galaxy_s6.jpg; Usuario: cliente6
Sat Aug 22 19:29:13 COT 2020; ID Producto: 4; Precio: 800.0; Ruta del Producto: imgs/galaxy_s6.jpg; Usuario: cliente7
Sat Aug 22 19:29:20 COT 2020; ID Producto: 5; Precio: 790.0; Ruta del Producto: imgs/iphone_6.jpg; Usuario: cliente8
Sat Aug 22 19:29:34 COT 2020; ID Producto: 5; Precio: 790.0; Ruta del Producto: imgs/iphone_6.jpg; Usuario: cliente9
Sat Aug 22 19:29:41 COT 2020; ID Producto: 6; Precio: 320.0; Ruta del Producto: imgs/xperia_z5.jpg; Usuario: cliente10
Sat Aug 22 19:29:52 COT 2020; ID Producto: 6; Precio: 320.0; Ruta del Producto: imgs/xperia_z5.jpg; Usuario: cliente11
Sat Aug 22 19:30:12 COT 2020; ID Producto: 7; Precio: 700.0; Ruta del Producto: imgs/HTC_M9.jpg; Usuario: cliente13
Sat Aug 22 19:36:26 COT 2020; ID Producto: 2; Precio: 820.0; Ruta del Producto: imgs/Lumia_1520.jpg; Usuario: cliente3
Sat Aug 22 19:36:44 COT 2020; ID Producto: 2; Precio: 820.0; Ruta del Producto: imgs/Lumia_1520.jpg; Usuario: cliente2
Sat Aug 22 19:36:54 COT 2020; ID Producto: 2; Precio: 820.0; Ruta del Producto: imgs/Lumia_1520.jpg; Usuario: cliente3
Sat Aug 22 19:37:02 COT 2020; ID Producto: 3; Precio: 650.0; Ruta del Producto: imgs/Nexus_6.jpg; Usuario: cliente4
Sat Aug 22 19:37:12 COT 2020; ID Producto: 3; Precio: 650.0; Ruta del Producto: imgs/Nexus_6.jpg; Usuario: cliente5
Sat Aug 22 19:37:20 COT 2020; ID Producto: 4; Precio: 800.0; Ruta del Producto: imgs/galaxy_s6.jpg; Usuario: cliente6
Sat Aug 22 19:37:29 COT 2020; ID Producto: 4; Precio: 800.0; Ruta del Producto: imgs/galaxy_s6.jpg; Usuario: cliente7
Sat Aug 22 19:37:37 COT 2020; ID Producto: 5; Precio: 790.0; Ruta del Producto: imgs/iphone_6.jpg; Usuario: cliente8
Sat Aug 22 19:43:33 COT 2020; ID Producto: 2; Precio: 820.0; Ruta del Producto: imgs/Lumia_1520.jpg; Usuario: cliente3
Sat Aug 22 19:43:51 COT 2020; ID Producto: 2; Precio: 820.0; Ruta del Producto: imgs/Lumia_1520.jpg; Usuario: cliente2
Sat Aug 22 19:44:02 COT 2020; ID Producto: 2; Precio: 820.0; Ruta del Producto: imgs/Lumia_1520.jpg; Usuario: cliente3
Sat Aug 22 19:44:08 COT 2020; ID Producto: 3; Precio: 650.0; Ruta del Producto: imgs/Nexus_6.jpg; Usuario: cliente4
Sat Aug 22 19:44:20 COT 2020; ID Producto: 3; Precio: 650.0; Ruta del Producto: imgs/Nexus_6.jpg; Usuario: cliente5
Sat Aug 22 19:44:26 COT 2020; ID Producto: 4; Precio: 800.0; Ruta del Producto: imgs/galaxy_s6.jpg; Usuario: cliente6
Sat Aug 22 19:44:39 COT 2020; ID Producto: 4; Precio: 800.0; Ruta del Producto: imgs/galaxy_s6.jpg; Usuario: cliente7
Sat Aug 22 19:44:44 COT 2020; ID Producto: 5; Precio: 790.0; Ruta del Producto: imgs/iphone_6.jpg; Usuario: cliente8
Sat Aug 22 20:11:36 COT 2020; ID Producto: 2; Precio: 820.0; Ruta del Producto: imgs/Lumia_1520.jpg; Usuario: cliente3
Sat Aug 22 20:11:56 COT 2020; ID Producto: 2; Precio: 820.0; Ruta del Producto: imgs/Lumia_1520.jpg; Usuario: cliente2
Sat Aug 22 20:12:05 COT 2020; ID Producto: 2; Precio: 820.0; Ruta del Producto: imgs/Lumia_1520.jpg; Usuario: cliente3
Sat Aug 22 20:12:14 COT 2020; ID Producto: 3; Precio: 650.0; Ruta del Producto: imgs/Nexus_6.jpg; Usuario: cliente4
Sat Aug 22 20:12:22 COT 2020; ID Producto: 3; Precio: 650.0; Ruta del Producto: imgs/Nexus_6.jpg; Usuario: cliente5
Sat Aug 22 20:12:33 COT 2020; ID Producto: 4; Precio: 800.0; Ruta del Producto: imgs/galaxy_s6.jpg; Usuario: cliente6
Sat Aug 22 20:12:41 COT 2020; ID Producto: 4; Precio: 800.0; Ruta del Producto: imgs/galaxy_s6.jpg; Usuario: cliente7
Sat Aug 22 20:37:15 COT 2020; ID Producto: 2; Precio: 820.0; Ruta del Producto: imgs/Lumia_1520.jpg; Usuario: cliente3
Sat Aug 22 20:37:35 COT 2020; ID Producto: 2; Precio: 820.0; Ruta del Producto: imgs/Lumia_1520.jpg; Usuario: cliente2
Sat Aug 22 20:37:45 COT 2020; ID Producto: 2; Precio: 820.0; Ruta del Producto: imgs/Lumia_1520.jpg; Usuario: cliente3
Sat Aug 22 20:37:53 COT 2020; ID Producto: 3; Precio: 650.0; Ruta del Producto: imgs/Nexus_6.jpg; Usuario: cliente4
Sat Aug 22 20:38:03 COT 2020; ID Producto: 3; Precio: 650.0; Ruta del Producto: imgs/Nexus_6.jpg; Usuario: cliente5
Sat Aug 22 20:38:12 COT 2020; ID Producto: 4; Precio: 800.0; Ruta del Producto: imgs/galaxy_s6.jpg; Usuario: cliente6
Sat Aug 22 20:38:21 COT 2020; ID Producto: 4; Precio: 800.0; Ruta del Producto: imgs/galaxy_s6.jpg; Usuario: cliente7
